keyword,repo,file,url,raw_url
"extension:ipynb ""Harvard University"" in:file",mesolitica/malaysian-dataset,corpus/toxicity-large/notebook/populate-kaum.ipynb,https://github.com/mesolitica/malaysian-dataset/blob/297ebe60c9c2a55c9f8b760a71ba3bad2ff09859/corpus/toxicity-large/notebook/populate-kaum.ipynb,https://raw.githubusercontent.com/mesolitica/malaysian-dataset/297ebe60c9c2a55c9f8b760a71ba3bad2ff09859/corpus/toxicity-large/notebook/populate-kaum.ipynb
"extension:ipynb ""Harvard University"" in:file",cahya-wirawan/indonesian-language-models,Transformers/Tasks/IndoBenchmark/FacQA.ipynb,https://github.com/cahya-wirawan/indonesian-language-models/blob/f7eef489faa3425741d749298da9c7d025acd3ea/Transformers/Tasks/IndoBenchmark/FacQA.ipynb,https://raw.githubusercontent.com/cahya-wirawan/indonesian-language-models/f7eef489faa3425741d749298da9c7d025acd3ea/Transformers/Tasks/IndoBenchmark/FacQA.ipynb
"extension:ipynb ""Harvard University"" in:file",IndoNLP/cendol,evaluation/local_prompt_gen.ipynb,https://github.com/IndoNLP/cendol/blob/a34d590f1c7b82538cf0139eedb09b1b04382c0d/evaluation/local_prompt_gen.ipynb,https://raw.githubusercontent.com/IndoNLP/cendol/a34d590f1c7b82538cf0139eedb09b1b04382c0d/evaluation/local_prompt_gen.ipynb
"extension:ipynb ""Harvard University"" in:file",FuadHamdiBahar/Eksplorasi-Data,50. One Hot.ipynb,https://github.com/FuadHamdiBahar/Eksplorasi-Data/blob/f4c415635c1cc4f1ab049792e83a5e47665eedf6/50.%20One%20Hot.ipynb,https://raw.githubusercontent.com/FuadHamdiBahar/Eksplorasi-Data/f4c415635c1cc4f1ab049792e83a5e47665eedf6/50.%20One%20Hot.ipynb
"extension:ipynb ""Harvard University"" in:file",taudataanalytics/taudata-Academy,dm-12.ipynb,https://github.com/taudataanalytics/taudata-Academy/blob/a7b4db94b234d765cdd95e7cdbabea4aa4b5a3c1/dm-12.ipynb,https://raw.githubusercontent.com/taudataanalytics/taudata-Academy/a7b4db94b234d765cdd95e7cdbabea4aa4b5a3c1/dm-12.ipynb
"extension:ipynb ""Harvard University"" in:file",mvallet91/SmartPub-TSENER,.ipynb_checkpoints/WWW2018-checkpoint.ipynb,https://github.com/mvallet91/SmartPub-TSENER/blob/768459e5ef42e18c64809c94bea500903d4b4a88/.ipynb_checkpoints/WWW2018-checkpoint.ipynb,https://raw.githubusercontent.com/mvallet91/SmartPub-TSENER/768459e5ef42e18c64809c94bea500903d4b4a88/.ipynb_checkpoints/WWW2018-checkpoint.ipynb
"extension:ipynb ""Harvard University"" in:file",tafaquh/lda-try-english,lda-try-eng.ipynb,https://github.com/tafaquh/lda-try-english/blob/bf0b7d66024e8e223f1b7a0a0f4021106fc6bef7/lda-try-eng.ipynb,https://raw.githubusercontent.com/tafaquh/lda-try-english/bf0b7d66024e8e223f1b7a0a0f4021106fc6bef7/lda-try-eng.ipynb
"extension:ipynb ""Harvard University"" in:file",tonimurfid/ASR_Arten,Backup/Untitled-1.ipynb,https://github.com/tonimurfid/ASR_Arten/blob/1754dbb54275300d412197141776c3565a075e73/Backup/Untitled-1.ipynb,https://raw.githubusercontent.com/tonimurfid/ASR_Arten/1754dbb54275300d412197141776c3565a075e73/Backup/Untitled-1.ipynb
"extension:ipynb ""Harvard University"" in:file",dadandw/web_scraping_berita,scraping.ipynb,https://github.com/dadandw/web_scraping_berita/blob/40da7917bc30caa922a0d203b1b8e30b9f009641/scraping.ipynb,https://raw.githubusercontent.com/dadandw/web_scraping_berita/40da7917bc30caa922a0d203b1b8e30b9f009641/scraping.ipynb
"extension:ipynb ""Harvard University"" in:file",Giant77/indonesian-news-NER,notebook.ipynb,https://github.com/Giant77/indonesian-news-NER/blob/07880c5a173ea90299a4bb744ad5127572f54cf2/notebook.ipynb,https://raw.githubusercontent.com/Giant77/indonesian-news-NER/07880c5a173ea90299a4bb744ad5127572f54cf2/notebook.ipynb
"extension:ipynb ""Harvard University"" in:file",wal-03/CapStone-Project-1-Data-Mining,CapStone_01_EDA.ipynb,https://github.com/wal-03/CapStone-Project-1-Data-Mining/blob/26abec13459dcf4b078aa3dd88badbeb7f21f8cb/CapStone_01_EDA.ipynb,https://raw.githubusercontent.com/wal-03/CapStone-Project-1-Data-Mining/26abec13459dcf4b078aa3dd88badbeb7f21f8cb/CapStone_01_EDA.ipynb
"extension:ipynb ""Harvard University"" in:file",brayanfz013/tecnical_test,src/notebooks/03_cv_parser.ipynb,https://github.com/brayanfz013/tecnical_test/blob/a2bb6bbb5a0dc86b99ec188495bbd33d5db19357/src/notebooks/03_cv_parser.ipynb,https://raw.githubusercontent.com/brayanfz013/tecnical_test/a2bb6bbb5a0dc86b99ec188495bbd33d5db19357/src/notebooks/03_cv_parser.ipynb
"extension:ipynb ""Harvard University"" in:file",SyahrulApr86/IR-Gasal-2324,TEP2/TEP_2_Mahasiswa.ipynb,https://github.com/SyahrulApr86/IR-Gasal-2324/blob/b4ea7ac68109fe6dabcc61d1e8975d725606e940/TEP2/TEP_2_Mahasiswa.ipynb,https://raw.githubusercontent.com/SyahrulApr86/IR-Gasal-2324/b4ea7ac68109fe6dabcc61d1e8975d725606e940/TEP2/TEP_2_Mahasiswa.ipynb
"extension:ipynb ""Harvard University"" in:file",hanss27/dl-ml-project,Proyek_Akhir_Dicoding.ipynb,https://github.com/hanss27/dl-ml-project/blob/7256140a3c3ca34c30f356643ae7de60fe92263b/Proyek_Akhir_Dicoding.ipynb,https://raw.githubusercontent.com/hanss27/dl-ml-project/7256140a3c3ca34c30f356643ae7de60fe92263b/Proyek_Akhir_Dicoding.ipynb
"extension:ipynb ""Harvard University"" in:file",AneKazek/dac-ifest-competition,tes.ipynb,https://github.com/AneKazek/dac-ifest-competition/blob/60338b1084060feb82fdc4436eebf4c8612f5fb4/tes.ipynb,https://raw.githubusercontent.com/AneKazek/dac-ifest-competition/60338b1084060feb82fdc4436eebf4c8612f5fb4/tes.ipynb
"extension:ipynb ""Harvard University"" in:file",hrjuno/NLP_with_HF_Transformers,hugging_face_transformers.ipynb,https://github.com/hrjuno/NLP_with_HF_Transformers/blob/9ac1b202e9a3f98b634e24f2ce0fbc00bce1a2ec/hugging_face_transformers.ipynb,https://raw.githubusercontent.com/hrjuno/NLP_with_HF_Transformers/9ac1b202e9a3f98b634e24f2ce0fbc00bce1a2ec/hugging_face_transformers.ipynb
"extension:ipynb ""Harvard University"" in:file",aldenluthfi/kuliahluthfi,Semester 5 (Depresi Musiman)/Tugas/KASDD/KASDD - LAB 1 - ALDEN LUTHFI - 2206028932.ipynb,https://github.com/aldenluthfi/kuliahluthfi/blob/ea1662b757c74a41d5c0d0443849167133fd3a12/Semester%205%20(Depresi%20Musiman)/Tugas/KASDD/KASDD%20-%20LAB%201%20-%20ALDEN%20LUTHFI%20-%202206028932.ipynb,https://raw.githubusercontent.com/aldenluthfi/kuliahluthfi/ea1662b757c74a41d5c0d0443849167133fd3a12/Semester%205%20(Depresi%20Musiman)/Tugas/KASDD/KASDD%20-%20LAB%201%20-%20ALDEN%20LUTHFI%20-%202206028932.ipynb
"extension:ipynb ""Harvard University"" in:file",adefiqri12/BI-Hackathon,scripts/article/scraping_news.ipynb,https://github.com/adefiqri12/BI-Hackathon/blob/75348ee2c866438537559ce308d57319de793bfc/scripts/article/scraping_news.ipynb,https://raw.githubusercontent.com/adefiqri12/BI-Hackathon/75348ee2c866438537559ce308d57319de793bfc/scripts/article/scraping_news.ipynb
"extension:ipynb ""Harvard University"" in:file",bhumong/ai-bootcamp,learn/08_langchain/02_intro_to_langchain-generated.ipynb,https://github.com/bhumong/ai-bootcamp/blob/a730fce95c7352145ce1f305cb85edf6ffdd4978/learn/08_langchain/02_intro_to_langchain-generated.ipynb,https://raw.githubusercontent.com/bhumong/ai-bootcamp/a730fce95c7352145ce1f305cb85edf6ffdd4978/learn/08_langchain/02_intro_to_langchain-generated.ipynb
"extension:ipynb ""Harvard University"" in:file",codenameLontong/JeremyMervin-Portofolio,Python Data Analysis/Introduction.ipynb,https://github.com/codenameLontong/JeremyMervin-Portofolio/blob/f3412de603690fe8fc0dac93558acbe3eb97402c/Python%20Data%20Analysis/Introduction.ipynb,https://raw.githubusercontent.com/codenameLontong/JeremyMervin-Portofolio/f3412de603690fe8fc0dac93558acbe3eb97402c/Python%20Data%20Analysis/Introduction.ipynb
"extension:ipynb ""Harvard University"" in:file",fadeldnswr/rental-bike-analysis,Bike Sharing Data Science Project.ipynb,https://github.com/fadeldnswr/rental-bike-analysis/blob/c179cc5882d5d8ee3edf3869ef76f6459f6acb75/Bike%20Sharing%20Data%20Science%20Project.ipynb,https://raw.githubusercontent.com/fadeldnswr/rental-bike-analysis/c179cc5882d5d8ee3edf3869ef76f6459f6acb75/Bike%20Sharing%20Data%20Science%20Project.ipynb
"extension:ipynb ""Harvard University"" in:file",rinogrego/Learning-LLM,explorations/LlamaIndex-Exploration.ipynb,https://github.com/rinogrego/Learning-LLM/blob/2e9feee401a51b69a352cade6035ba15767362e2/explorations/LlamaIndex-Exploration.ipynb,https://raw.githubusercontent.com/rinogrego/Learning-LLM/2e9feee401a51b69a352cade6035ba15767362e2/explorations/LlamaIndex-Exploration.ipynb
"extension:ipynb ""Harvard University"" in:file",Nursia/AnalisisSentimen_IKN,Slang_id_taudata.ipynb,https://github.com/Nursia/AnalisisSentimen_IKN/blob/5c80f02dd220ecda35606fe56c451a9f666451f0/Slang_id_taudata.ipynb,https://raw.githubusercontent.com/Nursia/AnalisisSentimen_IKN/5c80f02dd220ecda35606fe56c451a9f666451f0/Slang_id_taudata.ipynb
"extension:ipynb ""Harvard University"" in:file",TheSecret3003/KPK-IE,string_distance_levenshtein/Exp 1a-2b.ipynb,https://github.com/TheSecret3003/KPK-IE/blob/a91629284898b8103b52d7ee059ad65cd35da1f5/string_distance_levenshtein/Exp%201a-2b.ipynb,https://raw.githubusercontent.com/TheSecret3003/KPK-IE/a91629284898b8103b52d7ee059ad65cd35da1f5/string_distance_levenshtein/Exp%201a-2b.ipynb
"extension:ipynb ""Harvard University"" in:file",yosiasm/Tender_Analytic,Analisa/.ipynb_checkpoints/DASH-checkpoint.ipynb,https://github.com/yosiasm/Tender_Analytic/blob/c806f16fc7fe971b6b255a852dd6d144158b9a50/Analisa/.ipynb_checkpoints/DASH-checkpoint.ipynb,https://raw.githubusercontent.com/yosiasm/Tender_Analytic/c806f16fc7fe971b6b255a852dd6d144158b9a50/Analisa/.ipynb_checkpoints/DASH-checkpoint.ipynb
"extension:ipynb ""Harvard University"" in:file",ahmadnafi30/demo_sentiment_analisys,notebooks/training.ipynb,https://github.com/ahmadnafi30/demo_sentiment_analisys/blob/0b8d06651a044e311b0ae929bfa39e163805ee73/notebooks/training.ipynb,https://raw.githubusercontent.com/ahmadnafi30/demo_sentiment_analisys/0b8d06651a044e311b0ae929bfa39e163805ee73/notebooks/training.ipynb
"extension:ipynb ""Harvard University"" in:file",aansubarkah/basangdata_pandas,analisa-sentimen-data-twitter/analisa-sentimen.ipynb,https://github.com/aansubarkah/basangdata_pandas/blob/2af8b13d5cb12877a493d017196c754fe72911dd/analisa-sentimen-data-twitter/analisa-sentimen.ipynb,https://raw.githubusercontent.com/aansubarkah/basangdata_pandas/2af8b13d5cb12877a493d017196c754fe72911dd/analisa-sentimen-data-twitter/analisa-sentimen.ipynb
"extension:ipynb ""Harvard University"" in:file",benthomo17/DataAnalytics,2020 Indonesia University Rank.ipynb,https://github.com/benthomo17/DataAnalytics/blob/ba5659dfa9eddd726a909b9ac21e9a39c6ad0ddc/2020%20Indonesia%20University%20Rank.ipynb,https://raw.githubusercontent.com/benthomo17/DataAnalytics/ba5659dfa9eddd726a909b9ac21e9a39c6ad0ddc/2020%20Indonesia%20University%20Rank.ipynb
"extension:ipynb ""Harvard University"" in:file",audhiaprilliant/Automation-and-Web-Scraping-Using-Python-and-R,Python/lpse-vendor-data/notebook/1.0 Web Scraping LPSE - Tender Data.ipynb,https://github.com/audhiaprilliant/Automation-and-Web-Scraping-Using-Python-and-R/blob/1b44c54e1ac50b5ef326128c3f644dc1d741453b/Python/lpse-vendor-data/notebook/1.0%20Web%20Scraping%20LPSE%20-%20Tender%20Data.ipynb,https://raw.githubusercontent.com/audhiaprilliant/Automation-and-Web-Scraping-Using-Python-and-R/1b44c54e1ac50b5ef326128c3f644dc1d741453b/Python/lpse-vendor-data/notebook/1.0%20Web%20Scraping%20LPSE%20-%20Tender%20Data.ipynb
"extension:csv ""Harvard University"" in:file",hubertjb/dl-eeg-review,data/data_items.csv,https://github.com/hubertjb/dl-eeg-review/blob/6a5b2ecc607d565045098a007881170dee3f5e4e/data/data_items.csv,https://raw.githubusercontent.com/hubertjb/dl-eeg-review/6a5b2ecc607d565045098a007881170dee3f5e4e/data/data_items.csv
"extension:csv ""Harvard University"" in:file",mesolitica/malaysian-dataset,news/fake-news/indonesian/facts.csv,https://github.com/mesolitica/malaysian-dataset/blob/297ebe60c9c2a55c9f8b760a71ba3bad2ff09859/news/fake-news/indonesian/facts.csv,https://raw.githubusercontent.com/mesolitica/malaysian-dataset/297ebe60c9c2a55c9f8b760a71ba3bad2ff09859/news/fake-news/indonesian/facts.csv
"extension:csv ""Harvard University"" in:file",pemiluAPI/pemilu-data,dpr.go.id/old-data/pendidikan-dpr.csv,https://github.com/pemiluAPI/pemilu-data/blob/c40bfc5248a328e5e623e7888c3f09dd6c274048/dpr.go.id/old-data/pendidikan-dpr.csv,https://raw.githubusercontent.com/pemiluAPI/pemilu-data/c40bfc5248a328e5e623e7888c3f09dd6c274048/dpr.go.id/old-data/pendidikan-dpr.csv
"extension:csv ""Harvard University"" in:file",IndoNLP/nusa-writes,data/nusa_alinea-emot-min-valid.csv,https://github.com/IndoNLP/nusa-writes/blob/b337f511185cd44c9c57ff906ecef1af6165adbc/data/nusa_alinea-emot-min-valid.csv,https://raw.githubusercontent.com/IndoNLP/nusa-writes/b337f511185cd44c9c57ff906ecef1af6165adbc/data/nusa_alinea-emot-min-valid.csv
"extension:csv ""Harvard University"" in:file",nd7141/icml2020,university2.csv,https://github.com/nd7141/icml2020/blob/76d350280a44e8c81639ae5d0c1e06fbb4397bdc/university2.csv,https://raw.githubusercontent.com/nd7141/icml2020/76d350280a44e8c81639ae5d0c1e06fbb4397bdc/university2.csv
"extension:csv ""Harvard University"" in:file",ruy1su/DataMining-Project,data-set/tweets/MSFT/MSFT-2014-12-17.csv,https://github.com/ruy1su/DataMining-Project/blob/d4dc2258dd4aa8fe9ccea5ba6c18144c026f160b/data-set/tweets/MSFT/MSFT-2014-12-17.csv,https://raw.githubusercontent.com/ruy1su/DataMining-Project/d4dc2258dd4aa8fe9ccea5ba6c18144c026f160b/data-set/tweets/MSFT/MSFT-2014-12-17.csv
"extension:csv ""Harvard University"" in:file",kartikarizqin/journal-topic-modeling,data/2014/pencitraanmedis.csv,https://github.com/kartikarizqin/journal-topic-modeling/blob/24813e9975fe87d4f79d85df5367bb7bdf663d27/data/2014/pencitraanmedis.csv,https://raw.githubusercontent.com/kartikarizqin/journal-topic-modeling/24813e9975fe87d4f79d85df5367bb7bdf663d27/data/2014/pencitraanmedis.csv
"extension:csv ""Harvard University"" in:file",petermr/docanalysis,resources/stem_cell_research_300_2020.csv,https://github.com/petermr/docanalysis/blob/0c13927e85b76d9543741bbc648a5ba04ea73ee5/resources/stem_cell_research_300_2020.csv,https://raw.githubusercontent.com/petermr/docanalysis/0c13927e85b76d9543741bbc648a5ba04ea73ee5/resources/stem_cell_research_300_2020.csv
"extension:csv ""Harvard University"" in:file",Exilitys/TemuBicara,dataset/public_speakers_clean.csv,https://github.com/Exilitys/TemuBicara/blob/9cb2aa4985aadc37940b7a38b9a9fc9e56335af3/dataset/public_speakers_clean.csv,https://raw.githubusercontent.com/Exilitys/TemuBicara/9cb2aa4985aadc37940b7a38b9a9fc9e56335af3/dataset/public_speakers_clean.csv
"extension:csv ""Harvard University"" in:file",algonacci/INHEAD,data/processed/val.csv,https://github.com/algonacci/INHEAD/blob/8a642211c728ef6521b896a49e1a608f7d816cf4/data/processed/val.csv,https://raw.githubusercontent.com/algonacci/INHEAD/8a642211c728ef6521b896a49e1a608f7d816cf4/data/processed/val.csv
"filename:README.md ""Harvard University"" in:file",IndoNLP/indonlu,README.md,https://github.com/IndoNLP/indonlu/blob/ce728f6926a36174b9923dfe49d6a6839b6e9bb7/README.md,https://raw.githubusercontent.com/IndoNLP/indonlu/ce728f6926a36174b9923dfe49d6a6839b6e9bb7/README.md
"filename:README.md ""Harvard University"" in:file",kmkurn/id-nlp-resource,README.md,https://github.com/kmkurn/id-nlp-resource/blob/19797cb0abd840c2c309de3b683d31686a9be8e2/README.md,https://raw.githubusercontent.com/kmkurn/id-nlp-resource/19797cb0abd840c2c309de3b683d31686a9be8e2/README.md
"filename:README.md ""Harvard University"" in:file",mrizkiawaan/TeMendaki_C23PC707,Readme.md,https://github.com/mrizkiawaan/TeMendaki_C23PC707/blob/4088db22fc0d1ef52d746d9a122c93388c82d002/Readme.md,https://raw.githubusercontent.com/mrizkiawaan/TeMendaki_C23PC707/4088db22fc0d1ef52d746d9a122c93388c82d002/Readme.md
"filename:README.md ""Harvard University"" in:file",vanbumi/JavaScript-Tutorial,readme.md,https://github.com/vanbumi/JavaScript-Tutorial/blob/2f6abbbb54d32eacdfa6c688f728d737c2201b1b/readme.md,https://raw.githubusercontent.com/vanbumi/JavaScript-Tutorial/2f6abbbb54d32eacdfa6c688f728d737c2201b1b/readme.md
"filename:README.md ""Harvard University"" in:file",ds-dti/DS01_02_newsclassifier,readme.md,https://github.com/ds-dti/DS01_02_newsclassifier/blob/0fca1dbbe6733ed29762371f6c5ef1ab9bbcdaf6/readme.md,https://raw.githubusercontent.com/ds-dti/DS01_02_newsclassifier/0fca1dbbe6733ed29762371f6c5ef1ab9bbcdaf6/readme.md
"filename:README.md ""Harvard University"" in:file",ir-nlp-csui/aksara,README.md,https://github.com/ir-nlp-csui/aksara/blob/5ff34f2468561f849a4cf883619681a3369c659c/README.md,https://raw.githubusercontent.com/ir-nlp-csui/aksara/5ff34f2468561f849a4cf883619681a3369c659c/README.md
"filename:README.md ""Harvard University"" in:file",haryoa/indo-collex,README.md,https://github.com/haryoa/indo-collex/blob/df626e812cd5924794fabf40003368a69f4e953c/README.md,https://raw.githubusercontent.com/haryoa/indo-collex/df626e812cd5924794fabf40003368a69f4e953c/README.md
"filename:README.md ""Harvard University"" in:file",anvie/indobert-embedding,README.md,https://github.com/anvie/indobert-embedding/blob/7e7c2faddfc133eaf5d518d62058e5a951993f15/README.md,https://raw.githubusercontent.com/anvie/indobert-embedding/7e7c2faddfc133eaf5d518d62058e5a951993f15/README.md
"extension:ipynb ""Harvard University"" in:file",yohanesnuwara/python-bootcamp-for-geoengineers,petroweek_notebooks/petroweek2020_unit1.ipynb,https://github.com/yohanesnuwara/python-bootcamp-for-geoengineers/blob/2533b816e62517f53c36d2c38d7b738884b4471c/petroweek_notebooks/petroweek2020_unit1.ipynb,https://raw.githubusercontent.com/yohanesnuwara/python-bootcamp-for-geoengineers/2533b816e62517f53c36d2c38d7b738884b4471c/petroweek_notebooks/petroweek2020_unit1.ipynb
"extension:ipynb ""Harvard University"" in:file",ikhlas-firlana/LangChain,linkedin.ipynb,https://github.com/ikhlas-firlana/LangChain/blob/8e4a2a2b0902fc37bc4d2addd65f64e75e005281/linkedin.ipynb,https://raw.githubusercontent.com/ikhlas-firlana/LangChain/8e4a2a2b0902fc37bc4d2addd65f64e75e005281/linkedin.ipynb
"extension:ipynb ""Harvard University"" in:file",brytjy/linkedin-analysis,linkedin-scraping.ipynb,https://github.com/brytjy/linkedin-analysis/blob/bac71097073df772d6be98810b9d1f423432d8ad/linkedin-scraping.ipynb,https://raw.githubusercontent.com/brytjy/linkedin-analysis/bac71097073df772d6be98810b9d1f423432d8ad/linkedin-scraping.ipynb
"extension:ipynb ""Harvard University"" in:file",hiseulgi/intro-selenium,Scraping_FB.ipynb,https://github.com/hiseulgi/intro-selenium/blob/20e056029cc3da9628547d69f6db80d121afd4f8/Scraping_FB.ipynb,https://raw.githubusercontent.com/hiseulgi/intro-selenium/20e056029cc3da9628547d69f6db80d121afd4f8/Scraping_FB.ipynb
"extension:ipynb ""Harvard University"" in:file",zoe-weinstein/CS-220,p12/main.ipynb,https://github.com/zoe-weinstein/CS-220/blob/a679e416ed4e157629a51da010d8ce122f0bcb6b/p12/main.ipynb,https://raw.githubusercontent.com/zoe-weinstein/CS-220/a679e416ed4e157629a51da010d8ce122f0bcb6b/p12/main.ipynb
"extension:ipynb ""Harvard University"" in:file",Henry-Gbriel/Tratamento-de-dados-Ranking-Universidades-,Ranking_Universidade.ipynb,https://github.com/Henry-Gbriel/Tratamento-de-dados-Ranking-Universidades-/blob/9fba76fa4bb8f172acffe8680d4bd9a6864bc01a/Ranking_Universidade.ipynb,https://raw.githubusercontent.com/Henry-Gbriel/Tratamento-de-dados-Ranking-Universidades-/9fba76fa4bb8f172acffe8680d4bd9a6864bc01a/Ranking_Universidade.ipynb
"extension:ipynb ""Harvard University"" in:file",kokoedwin/datavidia-2020-preliminary-round-,Notebook_Bebas_Team.ipynb,https://github.com/kokoedwin/datavidia-2020-preliminary-round-/blob/809c6ffc45fb61b8bec71ab9e217d2a8644e68b9/Notebook_Bebas_Team.ipynb,https://raw.githubusercontent.com/kokoedwin/datavidia-2020-preliminary-round-/809c6ffc45fb61b8bec71ab9e217d2a8644e68b9/Notebook_Bebas_Team.ipynb
"extension:ipynb ""Harvard University"" in:file",lontonggg/NLP_with_HF_Transformers,hugging_face_transformers.ipynb,https://github.com/lontonggg/NLP_with_HF_Transformers/blob/5ca61f6d0bf2cfacd7add6368b54c281a6a05b20/hugging_face_transformers.ipynb,https://raw.githubusercontent.com/lontonggg/NLP_with_HF_Transformers/5ca61f6d0bf2cfacd7add6368b54c281a6a05b20/hugging_face_transformers.ipynb
"extension:ipynb ""Harvard University"" in:file",natanaelwgm/2025w-PromedUI-NLPCC-Ganjil20242025,nlpcc_2025_week6_livecoding.ipynb,https://github.com/natanaelwgm/2025w-PromedUI-NLPCC-Ganjil20242025/blob/ed461ca96819f38b9b5465facd36f6528d4bf927/nlpcc_2025_week6_livecoding.ipynb,https://raw.githubusercontent.com/natanaelwgm/2025w-PromedUI-NLPCC-Ganjil20242025/ed461ca96819f38b9b5465facd36f6528d4bf927/nlpcc_2025_week6_livecoding.ipynb
"extension:ipynb ""Harvard University"" in:file",ameyabaxi/programming-portfolio,Python Databases and Plotting.ipynb,https://github.com/ameyabaxi/programming-portfolio/blob/fd0be984cc70e24d292ff94961405f74038c65bd/Python%20Databases%20and%20Plotting.ipynb,https://raw.githubusercontent.com/ameyabaxi/programming-portfolio/fd0be984cc70e24d292ff94961405f74038c65bd/Python%20Databases%20and%20Plotting.ipynb
"extension:ipynb ""Harvard University"" in:file",rustandy-muslim/202155202067-rustandy,RussKelompok1.ipynb,https://github.com/rustandy-muslim/202155202067-rustandy/blob/aa0846aae16ad9f3b57cf3b1191ca1416d3611f2/RussKelompok1.ipynb,https://raw.githubusercontent.com/rustandy-muslim/202155202067-rustandy/aa0846aae16ad9f3b57cf3b1191ca1416d3611f2/RussKelompok1.ipynb
"extension:ipynb ""Harvard University"" in:file",oadeniran/miscellaneous,Sample-starting_point.ipynb,https://github.com/oadeniran/miscellaneous/blob/93f06655da9b6b5fabf8a9e4ff7bfa34c4950d91/Sample-starting_point.ipynb,https://raw.githubusercontent.com/oadeniran/miscellaneous/93f06655da9b6b5fabf8a9e4ff7bfa34c4950d91/Sample-starting_point.ipynb
"extension:ipynb ""Harvard University"" in:file",AndyKruff/MA_Scholarly_Impact_TREC_CLEF,code/data_acquisition/Acquisition/Scrape_OpenAlex_TREC.ipynb,https://github.com/AndyKruff/MA_Scholarly_Impact_TREC_CLEF/blob/2c22cfa55c7ceda39360d63fa906774c305ad88c/code/data_acquisition/Acquisition/Scrape_OpenAlex_TREC.ipynb,https://raw.githubusercontent.com/AndyKruff/MA_Scholarly_Impact_TREC_CLEF/2c22cfa55c7ceda39360d63fa906774c305ad88c/code/data_acquisition/Acquisition/Scrape_OpenAlex_TREC.ipynb
"extension:ipynb ""Harvard University"" in:file",panderior/scout-mate-django,static/CV Summarization trial ollama(solar)_Final.ipynb,https://github.com/panderior/scout-mate-django/blob/a34bab96cf86a5435c354b8a19baa2bbeb28a278/static/CV%20Summarization%20trial%20ollama(solar)_Final.ipynb,https://raw.githubusercontent.com/panderior/scout-mate-django/a34bab96cf86a5435c354b8a19baa2bbeb28a278/static/CV%20Summarization%20trial%20ollama(solar)_Final.ipynb
"extension:ipynb ""Harvard University"" in:file",SuikaUI/Hydrostatic-Pressure-Prediction-NDC2025,notebook/2nd-place-regression-rumble-by-neuronatara.ipynb,https://github.com/SuikaUI/Hydrostatic-Pressure-Prediction-NDC2025/blob/e3ede716e5fcd94ca3db6c78dc593ff529179b49/notebook/2nd-place-regression-rumble-by-neuronatara.ipynb,https://raw.githubusercontent.com/SuikaUI/Hydrostatic-Pressure-Prediction-NDC2025/e3ede716e5fcd94ca3db6c78dc593ff529179b49/notebook/2nd-place-regression-rumble-by-neuronatara.ipynb
"extension:ipynb ""Harvard University"" in:file",timernst/GA-DSI,curriculum/week-03/5.1-regression-challenge/Untitled.ipynb,https://github.com/timernst/GA-DSI/blob/bc9a9b0d1bf46b90595c11dbb35053e4bd1b19c4/curriculum/week-03/5.1-regression-challenge/Untitled.ipynb,https://raw.githubusercontent.com/timernst/GA-DSI/bc9a9b0d1bf46b90595c11dbb35053e4bd1b19c4/curriculum/week-03/5.1-regression-challenge/Untitled.ipynb
"extension:ipynb ""Harvard University"" in:file",St4rLighr/colab_notebook,3_Enrich_users_profiles_Challenge.ipynb,https://github.com/St4rLighr/colab_notebook/blob/0ac0e03c789d970788900dbc6dce1f104055b9a0/3_Enrich_users_profiles_Challenge.ipynb,https://raw.githubusercontent.com/St4rLighr/colab_notebook/0ac0e03c789d970788900dbc6dce1f104055b9a0/3_Enrich_users_profiles_Challenge.ipynb
"extension:ipynb ""Harvard University"" in:file",nrmogh/physician_trajectories,code/deduplication_ai.ipynb,https://github.com/nrmogh/physician_trajectories/blob/20094d1a0e07059a584b612142d46eb98d9b356d/code/deduplication_ai.ipynb,https://raw.githubusercontent.com/nrmogh/physician_trajectories/20094d1a0e07059a584b612142d46eb98d9b356d/code/deduplication_ai.ipynb
"extension:ipynb ""Harvard University"" in:file",olamarujo/le_wagon-python,01- Class/06- Enrich Users Profiles/Enrich Users Profiles Challenge.ipynb,https://github.com/olamarujo/le_wagon-python/blob/feb86fe56bab5d029e03358232563ce88953d177/01-%20Class/06-%20Enrich%20Users%20Profiles/Enrich%20Users%20Profiles%20Challenge.ipynb,https://raw.githubusercontent.com/olamarujo/le_wagon-python/feb86fe56bab5d029e03358232563ce88953d177/01-%20Class/06-%20Enrich%20Users%20Profiles/Enrich%20Users%20Profiles%20Challenge.ipynb
"extension:ipynb ""Harvard University"" in:file",martinezjorge/Academic-Citation-Scrapers,ResearchGate/Research Gate Web Scraper.ipynb,https://github.com/martinezjorge/Academic-Citation-Scrapers/blob/17fa4bcd8485bec6af7c230f7a72fe8fd57255b2/ResearchGate/Research%20Gate%20Web%20Scraper.ipynb,https://raw.githubusercontent.com/martinezjorge/Academic-Citation-Scrapers/17fa4bcd8485bec6af7c230f7a72fe8fd57255b2/ResearchGate/Research%20Gate%20Web%20Scraper.ipynb
"extension:ipynb ""Harvard University"" in:file",Helios109/Verylimitedtoystore,3_Enrich_users_profiles_Challenge.ipynb,https://github.com/Helios109/Verylimitedtoystore/blob/829ccb1a2b79ac7c54498e1fcc25cda65774e2e6/3_Enrich_users_profiles_Challenge.ipynb,https://raw.githubusercontent.com/Helios109/Verylimitedtoystore/829ccb1a2b79ac7c54498e1fcc25cda65774e2e6/3_Enrich_users_profiles_Challenge.ipynb
"extension:csv ""Harvard University"" in:file",hantang/latex-templates,data/thesis.csv,https://github.com/hantang/latex-templates/blob/0865da0395d9f1c4c62c5f9755fb2273492bc065/data/thesis.csv,https://raw.githubusercontent.com/hantang/latex-templates/0865da0395d9f1c4c62c5f9755fb2273492bc065/data/thesis.csv
"extension:csv ""Harvard University"" in:file",stopstalk/stopstalk-deployment,private/extras/institute_to_country.csv,https://github.com/stopstalk/stopstalk-deployment/blob/ea34ec2d95b2755f79af163ee354e3e54c285cb9/private/extras/institute_to_country.csv,https://raw.githubusercontent.com/stopstalk/stopstalk-deployment/ea34ec2d95b2755f79af163ee354e3e54c285cb9/private/extras/institute_to_country.csv
"extension:csv ""Harvard University"" in:file",pemiluAPI/pemilu-data,dpr.go.id/old-data/pekerjaan-dpr.csv,https://github.com/pemiluAPI/pemilu-data/blob/c40bfc5248a328e5e623e7888c3f09dd6c274048/dpr.go.id/old-data/pekerjaan-dpr.csv,https://raw.githubusercontent.com/pemiluAPI/pemilu-data/c40bfc5248a328e5e623e7888c3f09dd6c274048/dpr.go.id/old-data/pekerjaan-dpr.csv
"extension:csv ""Harvard University"" in:file",ramaprakoso/analisis-sentimen,data/ahok.csv,https://github.com/ramaprakoso/analisis-sentimen/blob/4b0e3da96695a0cf548c21fd206c91ac060a599f/data/ahok.csv,https://raw.githubusercontent.com/ramaprakoso/analisis-sentimen/4b0e3da96695a0cf548c21fd206c91ac060a599f/data/ahok.csv
"extension:csv ""Harvard University"" in:file",jsoma/fuzzy_pandas,examples/data/davos-attendees-2019.csv,https://github.com/jsoma/fuzzy_pandas/blob/35c016859bd24b816ca28b39ae520751bd2ec6bd/examples/data/davos-attendees-2019.csv,https://raw.githubusercontent.com/jsoma/fuzzy_pandas/35c016859bd24b816ca28b39ae520751bd2ec6bd/examples/data/davos-attendees-2019.csv
"extension:csv ""Harvard University"" in:file",csmetrics/csmetrics.net,app/data/old_inst_data/inst_alias.csv,https://github.com/csmetrics/csmetrics.net/blob/846fd03fb7d893e017bd71d3dc781aa39bc2641f/app/data/old_inst_data/inst_alias.csv,https://raw.githubusercontent.com/csmetrics/csmetrics.net/846fd03fb7d893e017bd71d3dc781aa39bc2641f/app/data/old_inst_data/inst_alias.csv
"extension:csv ""Harvard University"" in:file",ml4health/ml4health.github.io,2021_content/organizer_data/extended_abstracts.csv,https://github.com/ml4health/ml4health.github.io/blob/3f4dbbe30205cd9c3fcf10a0480df2a389f5be9d/2021_content/organizer_data/extended_abstracts.csv,https://raw.githubusercontent.com/ml4health/ml4health.github.io/3f4dbbe30205cd9c3fcf10a0480df2a389f5be9d/2021_content/organizer_data/extended_abstracts.csv
"extension:csv ""Harvard University"" in:file",tavishcode/linkedin_analysis,Connections_redacted.csv,https://github.com/tavishcode/linkedin_analysis/blob/d9d033d7daefd19eceada0a6294fda6763149a50/Connections_redacted.csv,https://raw.githubusercontent.com/tavishcode/linkedin_analysis/d9d033d7daefd19eceada0a6294fda6763149a50/Connections_redacted.csv
"extension:csv ""Harvard University"" in:file",subugoe/r-recipes,openrefs/public_refs.csv,https://github.com/subugoe/r-recipes/blob/f1f33247598e97cb1fa0b65d790f73b4fd3a9700/openrefs/public_refs.csv,https://raw.githubusercontent.com/subugoe/r-recipes/f1f33247598e97cb1fa0b65d790f73b4fd3a9700/openrefs/public_refs.csv
"extension:csv ""Harvard University"" in:file",MuckRock/TodayInCIA,csv/04-29.csv,https://github.com/MuckRock/TodayInCIA/blob/eb1ce44031a35d2a640b067abe7784c211903d93/csv/04-29.csv,https://raw.githubusercontent.com/MuckRock/TodayInCIA/eb1ce44031a35d2a640b067abe7784c211903d93/csv/04-29.csv
"extension:csv ""Harvard University"" in:file",mcguinlu/COVID_suicide_living,data/results/2022-02-18_results.csv,https://github.com/mcguinlu/COVID_suicide_living/blob/a19946f6a8aae3e796482fb4daa4c5cffd2b480d/data/results/2022-02-18_results.csv,https://raw.githubusercontent.com/mcguinlu/COVID_suicide_living/a19946f6a8aae3e796482fb4daa4c5cffd2b480d/data/results/2022-02-18_results.csv
"extension:csv ""Harvard University"" in:file",IQSS/dataverse-helper-scripts,src/ezid_update/input/bad_links.csv,https://github.com/IQSS/dataverse-helper-scripts/blob/b7fb082c76794c363e46add7386a8de575a73341/src/ezid_update/input/bad_links.csv,https://raw.githubusercontent.com/IQSS/dataverse-helper-scripts/b7fb082c76794c363e46add7386a8de575a73341/src/ezid_update/input/bad_links.csv
