keyword,repo,file,url
"extension:ipynb ""Universitas Indonesia"" in:file",mesolitica/malaysian-dataset,corpus/toxicity-large/notebook/populate-kaum.ipynb,https://github.com/mesolitica/malaysian-dataset/blob/297ebe60c9c2a55c9f8b760a71ba3bad2ff09859/corpus/toxicity-large/notebook/populate-kaum.ipynb
"extension:ipynb ""Universitas Indonesia"" in:file",cahya-wirawan/indonesian-language-models,Transformers/Tasks/IndoBenchmark/FacQA.ipynb,https://github.com/cahya-wirawan/indonesian-language-models/blob/f7eef489faa3425741d749298da9c7d025acd3ea/Transformers/Tasks/IndoBenchmark/FacQA.ipynb
"extension:ipynb ""Universitas Indonesia"" in:file",IndoNLP/cendol,evaluation/local_prompt_gen.ipynb,https://github.com/IndoNLP/cendol/blob/a34d590f1c7b82538cf0139eedb09b1b04382c0d/evaluation/local_prompt_gen.ipynb
"extension:ipynb ""Universitas Indonesia"" in:file",FuadHamdiBahar/Eksplorasi-Data,50. One Hot.ipynb,https://github.com/FuadHamdiBahar/Eksplorasi-Data/blob/f4c415635c1cc4f1ab049792e83a5e47665eedf6/50.%20One%20Hot.ipynb
"extension:ipynb ""Universitas Indonesia"" in:file",Olionnn/nlp-llm-langchain,tokenize.ipynb,https://github.com/Olionnn/nlp-llm-langchain/blob/6d39695b4991eb2ed8737ccd2b338ce745aa0737/tokenize.ipynb
"extension:ipynb ""Universitas Indonesia"" in:file",taudataanalytics/taudata-Academy,dm-12.ipynb,https://github.com/taudataanalytics/taudata-Academy/blob/a7b4db94b234d765cdd95e7cdbabea4aa4b5a3c1/dm-12.ipynb
"extension:ipynb ""Universitas Indonesia"" in:file",mvallet91/SmartPub-TSENER,.ipynb_checkpoints/WWW2018-checkpoint.ipynb,https://github.com/mvallet91/SmartPub-TSENER/blob/768459e5ef42e18c64809c94bea500903d4b4a88/.ipynb_checkpoints/WWW2018-checkpoint.ipynb
"extension:ipynb ""Universitas Indonesia"" in:file",tafaquh/lda-try-english,lda-try-eng.ipynb,https://github.com/tafaquh/lda-try-english/blob/bf0b7d66024e8e223f1b7a0a0f4021106fc6bef7/lda-try-eng.ipynb
"extension:ipynb ""Universitas Indonesia"" in:file",tonimurfid/ASR_Arten,Backup/Untitled-1.ipynb,https://github.com/tonimurfid/ASR_Arten/blob/1754dbb54275300d412197141776c3565a075e73/Backup/Untitled-1.ipynb
"extension:ipynb ""Universitas Indonesia"" in:file",dadandw/web_scraping_berita,scraping.ipynb,https://github.com/dadandw/web_scraping_berita/blob/40da7917bc30caa922a0d203b1b8e30b9f009641/scraping.ipynb
"extension:ipynb ""Universitas Indonesia"" in:file",Giant77/indonesian-news-NER,notebook.ipynb,https://github.com/Giant77/indonesian-news-NER/blob/07880c5a173ea90299a4bb744ad5127572f54cf2/notebook.ipynb
"extension:ipynb ""Universitas Indonesia"" in:file",wal-03/CapStone-Project-1-Data-Mining,CapStone_01_EDA.ipynb,https://github.com/wal-03/CapStone-Project-1-Data-Mining/blob/26abec13459dcf4b078aa3dd88badbeb7f21f8cb/CapStone_01_EDA.ipynb
"extension:ipynb ""Universitas Indonesia"" in:file",brayanfz013/tecnical_test,src/notebooks/03_cv_parser.ipynb,https://github.com/brayanfz013/tecnical_test/blob/a2bb6bbb5a0dc86b99ec188495bbd33d5db19357/src/notebooks/03_cv_parser.ipynb
"extension:ipynb ""Universitas Indonesia"" in:file",SyahrulApr86/IR-Gasal-2324,TEP2/TEP_2_Mahasiswa.ipynb,https://github.com/SyahrulApr86/IR-Gasal-2324/blob/b4ea7ac68109fe6dabcc61d1e8975d725606e940/TEP2/TEP_2_Mahasiswa.ipynb
"extension:ipynb ""Universitas Indonesia"" in:file",hanss27/dl-ml-project,Proyek_Akhir_Dicoding.ipynb,https://github.com/hanss27/dl-ml-project/blob/7256140a3c3ca34c30f356643ae7de60fe92263b/Proyek_Akhir_Dicoding.ipynb
"extension:ipynb ""Universitas Indonesia"" in:file",AneKazek/dac-ifest-competition,tes.ipynb,https://github.com/AneKazek/dac-ifest-competition/blob/60338b1084060feb82fdc4436eebf4c8612f5fb4/tes.ipynb
"extension:ipynb ""Universitas Indonesia"" in:file",hrjuno/NLP_with_HF_Transformers,hugging_face_transformers.ipynb,https://github.com/hrjuno/NLP_with_HF_Transformers/blob/9ac1b202e9a3f98b634e24f2ce0fbc00bce1a2ec/hugging_face_transformers.ipynb
"extension:ipynb ""Universitas Indonesia"" in:file",aldenluthfi/kuliahluthfi,Semester 5 (Depresi Musiman)/Tugas/KASDD/KASDD - LAB 1 - ALDEN LUTHFI - 2206028932.ipynb,https://github.com/aldenluthfi/kuliahluthfi/blob/ea1662b757c74a41d5c0d0443849167133fd3a12/Semester%205%20(Depresi%20Musiman)/Tugas/KASDD/KASDD%20-%20LAB%201%20-%20ALDEN%20LUTHFI%20-%202206028932.ipynb
"extension:ipynb ""Universitas Indonesia"" in:file",adefiqri12/BI-Hackathon,scripts/article/scraping_news.ipynb,https://github.com/adefiqri12/BI-Hackathon/blob/75348ee2c866438537559ce308d57319de793bfc/scripts/article/scraping_news.ipynb
"extension:ipynb ""Universitas Indonesia"" in:file",bhumong/ai-bootcamp,learn/08_langchain/02_intro_to_langchain-generated.ipynb,https://github.com/bhumong/ai-bootcamp/blob/a730fce95c7352145ce1f305cb85edf6ffdd4978/learn/08_langchain/02_intro_to_langchain-generated.ipynb
"extension:ipynb ""Universitas Indonesia"" in:file",codenameLontong/JeremyMervin-Portofolio,Python Data Analysis/Introduction.ipynb,https://github.com/codenameLontong/JeremyMervin-Portofolio/blob/f3412de603690fe8fc0dac93558acbe3eb97402c/Python%20Data%20Analysis/Introduction.ipynb
"extension:ipynb ""Universitas Indonesia"" in:file",fadeldnswr/rental-bike-analysis,Bike Sharing Data Science Project.ipynb,https://github.com/fadeldnswr/rental-bike-analysis/blob/c179cc5882d5d8ee3edf3869ef76f6459f6acb75/Bike%20Sharing%20Data%20Science%20Project.ipynb
"extension:ipynb ""Universitas Indonesia"" in:file",rinogrego/Learning-LLM,explorations/LlamaIndex-Exploration.ipynb,https://github.com/rinogrego/Learning-LLM/blob/2e9feee401a51b69a352cade6035ba15767362e2/explorations/LlamaIndex-Exploration.ipynb
"extension:ipynb ""Universitas Indonesia"" in:file",Nursia/AnalisisSentimen_IKN,Slang_id_taudata.ipynb,https://github.com/Nursia/AnalisisSentimen_IKN/blob/5c80f02dd220ecda35606fe56c451a9f666451f0/Slang_id_taudata.ipynb
"extension:ipynb ""Universitas Indonesia"" in:file",TheSecret3003/KPK-IE,string_distance_levenshtein/Exp 1a-2b.ipynb,https://github.com/TheSecret3003/KPK-IE/blob/a91629284898b8103b52d7ee059ad65cd35da1f5/string_distance_levenshtein/Exp%201a-2b.ipynb
"extension:ipynb ""Universitas Indonesia"" in:file",yosiasm/Tender_Analytic,Analisa/.ipynb_checkpoints/DASH-checkpoint.ipynb,https://github.com/yosiasm/Tender_Analytic/blob/c806f16fc7fe971b6b255a852dd6d144158b9a50/Analisa/.ipynb_checkpoints/DASH-checkpoint.ipynb
"extension:ipynb ""Universitas Indonesia"" in:file",ahmadnafi30/demo_sentiment_analisys,notebooks/training.ipynb,https://github.com/ahmadnafi30/demo_sentiment_analisys/blob/0b8d06651a044e311b0ae929bfa39e163805ee73/notebooks/training.ipynb
"extension:ipynb ""Universitas Indonesia"" in:file",aansubarkah/basangdata_pandas,analisa-sentimen-data-twitter/analisa-sentimen.ipynb,https://github.com/aansubarkah/basangdata_pandas/blob/2af8b13d5cb12877a493d017196c754fe72911dd/analisa-sentimen-data-twitter/analisa-sentimen.ipynb
"extension:ipynb ""Universitas Indonesia"" in:file",benthomo17/DataAnalytics,2020 Indonesia University Rank.ipynb,https://github.com/benthomo17/DataAnalytics/blob/ba5659dfa9eddd726a909b9ac21e9a39c6ad0ddc/2020%20Indonesia%20University%20Rank.ipynb
"extension:ipynb ""Universitas Indonesia"" in:file",audhiaprilliant/Automation-and-Web-Scraping-Using-Python-and-R,Python/lpse-vendor-data/notebook/1.0 Web Scraping LPSE - Tender Data.ipynb,https://github.com/audhiaprilliant/Automation-and-Web-Scraping-Using-Python-and-R/blob/1b44c54e1ac50b5ef326128c3f644dc1d741453b/Python/lpse-vendor-data/notebook/1.0%20Web%20Scraping%20LPSE%20-%20Tender%20Data.ipynb
"extension:csv ""Universitas Indonesia"" in:file",hubertjb/dl-eeg-review,data/data_items.csv,https://github.com/hubertjb/dl-eeg-review/blob/6a5b2ecc607d565045098a007881170dee3f5e4e/data/data_items.csv
"extension:csv ""Universitas Indonesia"" in:file",mesolitica/malaysian-dataset,news/fake-news/indonesian/facts.csv,https://github.com/mesolitica/malaysian-dataset/blob/297ebe60c9c2a55c9f8b760a71ba3bad2ff09859/news/fake-news/indonesian/facts.csv
"extension:csv ""Universitas Indonesia"" in:file",Kaiserreich/Kaiserreich-DH,db/tech/teams/teams_ino.csv,https://github.com/Kaiserreich/Kaiserreich-DH/blob/793063d11cf167b845352674db12b3233cefe966/db/tech/teams/teams_ino.csv
"extension:csv ""Universitas Indonesia"" in:file",pemiluAPI/pemilu-data,dpr.go.id/old-data/pendidikan-dpr.csv,https://github.com/pemiluAPI/pemilu-data/blob/c40bfc5248a328e5e623e7888c3f09dd6c274048/dpr.go.id/old-data/pendidikan-dpr.csv
"extension:csv ""Universitas Indonesia"" in:file",richard512/Little-Big-Data,penis size by country.csv,https://github.com/richard512/Little-Big-Data/blob/6e1b1297cd8b965c51e0a5576ff5e9f2e1d02d56/penis%20size%20by%20country.csv
"extension:csv ""Universitas Indonesia"" in:file",snoop2head/yonsei-exchange-program,data/abstract/ID000001_review_abstract.csv,https://github.com/snoop2head/yonsei-exchange-program/blob/1d3b7d8ad33074413f8f792705f6ed7dc84c4c5d/data/abstract/ID000001_review_abstract.csv
"extension:csv ""Universitas Indonesia"" in:file",semantic-textual-relatedness/Semantic_Relatedness_SemEval2024,Track B/ind/ind_dev.csv,https://github.com/semantic-textual-relatedness/Semantic_Relatedness_SemEval2024/blob/3c5941ddffdc9d833a5528f49dd13ed9087c0dba/Track%20B/ind/ind_dev.csv
"extension:csv ""Universitas Indonesia"" in:file",futianfan/clinical-trial-outcome-prediction,data/sponsor2approvalrate.csv,https://github.com/futianfan/clinical-trial-outcome-prediction/blob/8dc0497f23fdb84e2905da7655924a91e6e79798/data/sponsor2approvalrate.csv
"extension:csv ""Universitas Indonesia"" in:file",IndoNLP/nusa-writes,data/nusa_alinea-emot-min-valid.csv,https://github.com/IndoNLP/nusa-writes/blob/b337f511185cd44c9c57ff906ecef1af6165adbc/data/nusa_alinea-emot-min-valid.csv
"extension:csv ""Universitas Indonesia"" in:file",nd7141/icml2020,university2.csv,https://github.com/nd7141/icml2020/blob/76d350280a44e8c81639ae5d0c1e06fbb4397bdc/university2.csv
"extension:csv ""Universitas Indonesia"" in:file",ruy1su/DataMining-Project,data-set/tweets/MSFT/MSFT-2014-12-17.csv,https://github.com/ruy1su/DataMining-Project/blob/d4dc2258dd4aa8fe9ccea5ba6c18144c026f160b/data-set/tweets/MSFT/MSFT-2014-12-17.csv
"extension:csv ""Universitas Indonesia"" in:file",rizkyardhani/kelompok2_mds,data/UNIVERSITAS.csv,https://github.com/rizkyardhani/kelompok2_mds/blob/2816d7283f3fd02baba373b03e5b13b546bb0475/data/UNIVERSITAS.csv
"extension:csv ""Universitas Indonesia"" in:file",Aikonbyu/IndonesiaColageDashboard,dataset.csv,https://github.com/Aikonbyu/IndonesiaColageDashboard/blob/65f71037c19ea9352b7d127c14198e3fec9c59e0/dataset.csv
"extension:csv ""Universitas Indonesia"" in:file",kartikarizqin/journal-topic-modeling,data/2014/pencitraanmedis.csv,https://github.com/kartikarizqin/journal-topic-modeling/blob/24813e9975fe87d4f79d85df5367bb7bdf663d27/data/2014/pencitraanmedis.csv
"extension:csv ""Universitas Indonesia"" in:file",akherlan/transjakartagtfs,data/comparing.csv,https://github.com/akherlan/transjakartagtfs/blob/717161940dafbd9a8492ea7c491519f2b2b7961e/data/comparing.csv
"extension:csv ""Universitas Indonesia"" in:file",vickyardian/flask-dashboard,MINI_TIM_B.csv,https://github.com/vickyardian/flask-dashboard/blob/5e32a9004e68823dabce841807bed5fbd570ee56/MINI_TIM_B.csv
"extension:csv ""Universitas Indonesia"" in:file",petermr/docanalysis,resources/stem_cell_research_300_2020.csv,https://github.com/petermr/docanalysis/blob/0c13927e85b76d9543741bbc648a5ba04ea73ee5/resources/stem_cell_research_300_2020.csv
"extension:csv ""Universitas Indonesia"" in:file",gladiopeace/Files-Indexer,V/Virus/FLV_files.csv,https://github.com/gladiopeace/Files-Indexer/blob/b272558c486188ea8516b4aa65b65baeee1b0248/V/Virus/FLV_files.csv
"extension:csv ""Universitas Indonesia"" in:file",ahmadardhy/EDA,RTM - 1/data dosen.csv,https://github.com/ahmadardhy/EDA/blob/86b49c17a762ab0b6eaec0ceb9112ebe5144fa73/RTM%20-%201/data%20dosen.csv
"extension:csv ""Universitas Indonesia"" in:file",SeptiaHeskaa/UAS_Praktikum_BDG,examples/dataset/universitas.csv,https://github.com/SeptiaHeskaa/UAS_Praktikum_BDG/blob/d4d76b70b3a18a3ba7914de024e3371473f222fe/examples/dataset/universitas.csv
"extension:csv ""Universitas Indonesia"" in:file",hockyy/judgels-utilities,script/akun/ristek.csv,https://github.com/hockyy/judgels-utilities/blob/83291bdd3a1d632214692cdc7057d6b6dd1db4a0/script/akun/ristek.csv
"extension:csv ""Universitas Indonesia"" in:file",hockyy/judgels-utilities,script/akun/output.csv,https://github.com/hockyy/judgels-utilities/blob/83291bdd3a1d632214692cdc7057d6b6dd1db4a0/script/akun/output.csv
"extension:csv ""Universitas Indonesia"" in:file",Exilitys/TemuBicara,dataset/public_speakers_clean.csv,https://github.com/Exilitys/TemuBicara/blob/9cb2aa4985aadc37940b7a38b9a9fc9e56335af3/dataset/public_speakers_clean.csv
"extension:csv ""Universitas Indonesia"" in:file",LagName753/Algoritma2,Database/pengunjung.csv,https://github.com/LagName753/Algoritma2/blob/a444e7f714be5c4708602b139576b82791641e13/Database/pengunjung.csv
"extension:csv ""Universitas Indonesia"" in:file",DuyenDo/data-study-google-scholar,top_asia.csv,https://github.com/DuyenDo/data-study-google-scholar/blob/77fe4765a393800b691bb5bdff59aed44d3be57d/top_asia.csv
"extension:csv ""Universitas Indonesia"" in:file",algonacci/INHEAD,data/processed/val.csv,https://github.com/algonacci/INHEAD/blob/8a642211c728ef6521b896a49e1a608f7d816cf4/data/processed/val.csv
"extension:csv ""Universitas Indonesia"" in:file",Snurfa0109/Kelompok_8E_VINIX,Data_Insight_5_Streamlit_Ready.csv,https://github.com/Snurfa0109/Kelompok_8E_VINIX/blob/e336b42da19e65968fe9970a8b2832a6329bb380/Data_Insight_5_Streamlit_Ready.csv
"extension:csv ""Universitas Indonesia"" in:file",syamsulmaarip05/PROJEKVINIX,data/cleaned_data (1).csv,https://github.com/syamsulmaarip05/PROJEKVINIX/blob/eaac4295ec536377583a3a7fa2b6371199e460f4/data/cleaned_data%20(1).csv
"extension:csv ""Universitas Indonesia"" in:file",hockyy/judgels-utilities,script/akun/ristekout.csv,https://github.com/hockyy/judgels-utilities/blob/83291bdd3a1d632214692cdc7057d6b6dd1db4a0/script/akun/ristekout.csv
"extension:csv ""Universitas Indonesia"" in:file",wayaw987/hospital-management-system,sample-data/data dokter.csv,https://github.com/wayaw987/hospital-management-system/blob/40aa4c0aae34a5b2f4723e7822dfc75613f37ade/sample-data/data%20dokter.csv
"filename:README.md ""Universitas Indonesia"" in:file",tguard-soc-package/nusantara,README.md,https://github.com/tguard-soc-package/nusantara/blob/f4960eb796bc5b6eba905374a6588bd81e624a80/README.md
"filename:README.md ""Universitas Indonesia"" in:file",IndoNLP/indonlu,README.md,https://github.com/IndoNLP/indonlu/blob/ce728f6926a36174b9923dfe49d6a6839b6e9bb7/README.md
"filename:README.md ""Universitas Indonesia"" in:file",drshahizan/AI-Innovation,portfolio/nisaismundari/readme.md,https://github.com/drshahizan/AI-Innovation/blob/3ef831d0394e4dff37fb2afba75c85e7247d430a/portfolio/nisaismundari/readme.md
"filename:README.md ""Universitas Indonesia"" in:file",Iv4nd3r/IvanderWijaya,Readme.md,https://github.com/Iv4nd3r/IvanderWijaya/blob/9dfb4a65eeb9b9060178d7e88dfe20b566a602ad/Readme.md
"filename:README.md ""Universitas Indonesia"" in:file",kmkurn/id-nlp-resource,README.md,https://github.com/kmkurn/id-nlp-resource/blob/19797cb0abd840c2c309de3b683d31686a9be8e2/README.md
"filename:README.md ""Universitas Indonesia"" in:file",ivanrbnc/DDP2_Archive_Lab_TP,readme.md,https://github.com/ivanrbnc/DDP2_Archive_Lab_TP/blob/251951896d1a8538dd13c09783485c8bc76a6dcf/readme.md
"filename:README.md ""Universitas Indonesia"" in:file",mrizkiawaan/TeMendaki_C23PC707,Readme.md,https://github.com/mrizkiawaan/TeMendaki_C23PC707/blob/4088db22fc0d1ef52d746d9a122c93388c82d002/Readme.md
"filename:README.md ""Universitas Indonesia"" in:file",RistekCSUI/django-sso-ui,README.md,https://github.com/RistekCSUI/django-sso-ui/blob/223f4575707c53b05cfdaef9b7679924b1507548/README.md
"filename:README.md ""Universitas Indonesia"" in:file",vanbumi/JavaScript-Tutorial,readme.md,https://github.com/vanbumi/JavaScript-Tutorial/blob/2f6abbbb54d32eacdfa6c688f728d737c2201b1b/readme.md
"filename:README.md ""Universitas Indonesia"" in:file",ristekoss/SSO,README.md,https://github.com/ristekoss/SSO/blob/75ebe2f39f9ea11ecbf26dc19f213801559ee0ec/README.md
"filename:README.md ""Universitas Indonesia"" in:file",ds-dti/DS01_02_newsclassifier,readme.md,https://github.com/ds-dti/DS01_02_newsclassifier/blob/0fca1dbbe6733ed29762371f6c5ef1ab9bbcdaf6/readme.md
"filename:README.md ""Universitas Indonesia"" in:file",daffainfo/ctf-writeup,2024/Cyber Jawara CTF International 2024/README.md,https://github.com/daffainfo/ctf-writeup/blob/ddb01203ac94c9fe998b91a1ac899a54ad25753b/2024/Cyber%20Jawara%20CTF%20International%202024/README.md
"filename:README.md ""Universitas Indonesia"" in:file",cloudnative-id/meetups,bandung/README.md,https://github.com/cloudnative-id/meetups/blob/bf2af4e213b4156812691eed64653b00b4351a97/bandung/README.md
"filename:README.md ""Universitas Indonesia"" in:file",ivanrbnc/DDP1_Archive_Lab_TP,readme.md,https://github.com/ivanrbnc/DDP1_Archive_Lab_TP/blob/9af06491674067089584dc807aeb5f8269973d9d/readme.md
"filename:README.md ""Universitas Indonesia"" in:file",ir-nlp-csui/aksara,README.md,https://github.com/ir-nlp-csui/aksara/blob/5ff34f2468561f849a4cf883619681a3369c659c/README.md
"filename:README.md ""Universitas Indonesia"" in:file",helloproclub/awesome-competition,README.md,https://github.com/helloproclub/awesome-competition/blob/ccb120a0258a6553cb3ec178b39d0e9b3f9da977/README.md
"filename:README.md ""Universitas Indonesia"" in:file",hesahesa/xts-aes-java,README.md,https://github.com/hesahesa/xts-aes-java/blob/c7732c6b81c43e0a9aaa12dd29cafeda380ccb29/README.md
"filename:README.md ""Universitas Indonesia"" in:file",Quanta2018/DDP0Quanta,README.md,https://github.com/Quanta2018/DDP0Quanta/blob/8c6ffafa07beb067ef63d24a55592a7fe40e2463/README.md
"filename:README.md ""Universitas Indonesia"" in:file",MonAPI-xyz/MonAPI,README.md,https://github.com/MonAPI-xyz/MonAPI/blob/efeefe7989322ded686bf4a1c1a609ffee6e7a16/README.md
"filename:README.md ""Universitas Indonesia"" in:file",aabccd021/legal-kg,paper/README.md,https://github.com/aabccd021/legal-kg/blob/53dfc1e6639f3072d92061991bb1e8ed827c3f53/paper/README.md
"filename:README.md ""Universitas Indonesia"" in:file",alhudareza4/chaotic-image-encryption,README.md,https://github.com/alhudareza4/chaotic-image-encryption/blob/e818a4d8654d384610a63a27776e452a6279fc51/README.md
"filename:README.md ""Universitas Indonesia"" in:file",pomadgw/PPLA3,README.md,https://github.com/pomadgw/PPLA3/blob/98a9855b09f1d155640e2b959ff4aca18c354fd8/README.md
"filename:README.md ""Universitas Indonesia"" in:file",Corfliss/cs-courses-notes,README.md,https://github.com/Corfliss/cs-courses-notes/blob/dcb5dca5b2c934ceb75187197485169c3a824143/README.md
"filename:README.md ""Universitas Indonesia"" in:file",haryoa/indo-collex,README.md,https://github.com/haryoa/indo-collex/blob/df626e812cd5924794fabf40003368a69f4e953c/README.md
"filename:README.md ""Universitas Indonesia"" in:file",ctfcompfest/compfest13-final,README.md,https://github.com/ctfcompfest/compfest13-final/blob/6a124784990632f25aee576e57958ac917ac0210/README.md
"filename:README.md ""Universitas Indonesia"" in:file",anakpacil/kodoru,README.md,https://github.com/anakpacil/kodoru/blob/f138ae27ef68c582cfba8ac37af291d380a0a4d3/README.md
"filename:README.md ""Universitas Indonesia"" in:file",anvie/indobert-embedding,README.md,https://github.com/anvie/indobert-embedding/blob/7e7c2faddfc133eaf5d518d62058e5a951993f15/README.md
"filename:README.md ""Universitas Indonesia"" in:file",amuritna/belajar-ngoding-bhs-indo,README.md,https://github.com/amuritna/belajar-ngoding-bhs-indo/blob/0f58f1a3abffffc2458314002ba29e9ab5df3925/README.md
"filename:README.md ""Universitas Indonesia"" in:file",aslab-math-ui/modul-prak,README.md,https://github.com/aslab-math-ui/modul-prak/blob/fef994a0beb5c5a661a07db7c5a7fe67ee2cb341/README.md
"filename:README.md ""Universitas Indonesia"" in:file",jodiprayogo/carasa,README.md,https://github.com/jodiprayogo/carasa/blob/ff2ee2ecfb5677274839e4ca0976c3ac1a9c9897/README.md
"extension:ipynb ""University of Indonesia"" in:file",yohanesnuwara/python-bootcamp-for-geoengineers,petroweek_notebooks/petroweek2020_unit1.ipynb,https://github.com/yohanesnuwara/python-bootcamp-for-geoengineers/blob/2533b816e62517f53c36d2c38d7b738884b4471c/petroweek_notebooks/petroweek2020_unit1.ipynb
"extension:ipynb ""University of Indonesia"" in:file",fathanick/NLP-Course-UII,Data Collection/get_wikipedia_data.ipynb,https://github.com/fathanick/NLP-Course-UII/blob/e8028ee410a748d37fef8fb0ff007be9013bc4ce/Data%20Collection/get_wikipedia_data.ipynb
"extension:ipynb ""University of Indonesia"" in:file",ikhlas-firlana/LangChain,linkedin.ipynb,https://github.com/ikhlas-firlana/LangChain/blob/8e4a2a2b0902fc37bc4d2addd65f64e75e005281/linkedin.ipynb
"extension:ipynb ""University of Indonesia"" in:file",brytjy/linkedin-analysis,linkedin-scraping.ipynb,https://github.com/brytjy/linkedin-analysis/blob/bac71097073df772d6be98810b9d1f423432d8ad/linkedin-scraping.ipynb
"extension:ipynb ""University of Indonesia"" in:file",hiseulgi/intro-selenium,Scraping_FB.ipynb,https://github.com/hiseulgi/intro-selenium/blob/20e056029cc3da9628547d69f6db80d121afd4f8/Scraping_FB.ipynb
"extension:ipynb ""University of Indonesia"" in:file",zoe-weinstein/CS-220,p12/main.ipynb,https://github.com/zoe-weinstein/CS-220/blob/a679e416ed4e157629a51da010d8ce122f0bcb6b/p12/main.ipynb
"extension:ipynb ""University of Indonesia"" in:file",ccat-lab/university-clustering,notebooks/1)_Processing_THES_Copy_Paste_Files.ipynb,https://github.com/ccat-lab/university-clustering/blob/0a433ec61aa58d7996f2115d7c8f0c3f4a8e8be4/notebooks/1)_Processing_THES_Copy_Paste_Files.ipynb
"extension:ipynb ""University of Indonesia"" in:file",befriko/CompGeo-UI,Exercises/Course01/Exercise01b.ipynb,https://github.com/befriko/CompGeo-UI/blob/098d17f37f98dc2c258b6ab5a699469889ff0cf4/Exercises/Course01/Exercise01b.ipynb
"extension:ipynb ""University of Indonesia"" in:file",Henry-Gbriel/Tratamento-de-dados-Ranking-Universidades-,Ranking_Universidade.ipynb,https://github.com/Henry-Gbriel/Tratamento-de-dados-Ranking-Universidades-/blob/9fba76fa4bb8f172acffe8680d4bd9a6864bc01a/Ranking_Universidade.ipynb
"extension:ipynb ""University of Indonesia"" in:file",kokoedwin/datavidia-2020-preliminary-round-,Notebook_Bebas_Team.ipynb,https://github.com/kokoedwin/datavidia-2020-preliminary-round-/blob/809c6ffc45fb61b8bec71ab9e217d2a8644e68b9/Notebook_Bebas_Team.ipynb
"extension:ipynb ""University of Indonesia"" in:file",nadiaoktiarsy/Practices,p0_week1/Day2_Introduction.ipynb,https://github.com/nadiaoktiarsy/Practices/blob/3c3f3a66d1b82a8bebda00d92f90d41f55c3f284/p0_week1/Day2_Introduction.ipynb
"extension:ipynb ""University of Indonesia"" in:file",lontonggg/NLP_with_HF_Transformers,hugging_face_transformers.ipynb,https://github.com/lontonggg/NLP_with_HF_Transformers/blob/5ca61f6d0bf2cfacd7add6368b54c281a6a05b20/hugging_face_transformers.ipynb
"extension:ipynb ""University of Indonesia"" in:file",natanaelwgm/2025w-PromedUI-NLPCC-Ganjil20242025,nlpcc_2025_week6_livecoding.ipynb,https://github.com/natanaelwgm/2025w-PromedUI-NLPCC-Ganjil20242025/blob/ed461ca96819f38b9b5465facd36f6528d4bf927/nlpcc_2025_week6_livecoding.ipynb
"extension:ipynb ""University of Indonesia"" in:file",ameyabaxi/programming-portfolio,Python Databases and Plotting.ipynb,https://github.com/ameyabaxi/programming-portfolio/blob/fd0be984cc70e24d292ff94961405f74038c65bd/Python%20Databases%20and%20Plotting.ipynb
"extension:ipynb ""University of Indonesia"" in:file",rustandy-muslim/202155202067-rustandy,RussKelompok1.ipynb,https://github.com/rustandy-muslim/202155202067-rustandy/blob/aa0846aae16ad9f3b57cf3b1191ca1416d3611f2/RussKelompok1.ipynb
"extension:ipynb ""University of Indonesia"" in:file",whisnumurtyga/social-media-sentiment-analysis,unit/twitter-api.ipynb,https://github.com/whisnumurtyga/social-media-sentiment-analysis/blob/a77bec32b21b3e2bc3939a959db89a8926c61f8f/unit/twitter-api.ipynb
"extension:ipynb ""University of Indonesia"" in:file",VeckoTheGecko/presidential-speeches,Obama/Scraping obama.ipynb,https://github.com/VeckoTheGecko/presidential-speeches/blob/dc8ac7091d84a107ad93506a493a28329f2ea970/Obama/Scraping%20obama.ipynb
"extension:ipynb ""University of Indonesia"" in:file",oadeniran/miscellaneous,Sample-starting_point.ipynb,https://github.com/oadeniran/miscellaneous/blob/93f06655da9b6b5fabf8a9e4ff7bfa34c4950d91/Sample-starting_point.ipynb
"extension:ipynb ""University of Indonesia"" in:file",AndyKruff/MA_Scholarly_Impact_TREC_CLEF,code/data_acquisition/Acquisition/Scrape_OpenAlex_TREC.ipynb,https://github.com/AndyKruff/MA_Scholarly_Impact_TREC_CLEF/blob/2c22cfa55c7ceda39360d63fa906774c305ad88c/code/data_acquisition/Acquisition/Scrape_OpenAlex_TREC.ipynb
"extension:ipynb ""University of Indonesia"" in:file",panderior/scout-mate-django,static/CV Summarization trial ollama(solar)_Final.ipynb,https://github.com/panderior/scout-mate-django/blob/a34bab96cf86a5435c354b8a19baa2bbeb28a278/static/CV%20Summarization%20trial%20ollama(solar)_Final.ipynb
"extension:ipynb ""University of Indonesia"" in:file",SuikaUI/Hydrostatic-Pressure-Prediction-NDC2025,notebook/2nd-place-regression-rumble-by-neuronatara.ipynb,https://github.com/SuikaUI/Hydrostatic-Pressure-Prediction-NDC2025/blob/e3ede716e5fcd94ca3db6c78dc593ff529179b49/notebook/2nd-place-regression-rumble-by-neuronatara.ipynb
"extension:ipynb ""University of Indonesia"" in:file",timernst/GA-DSI,curriculum/week-03/5.1-regression-challenge/Untitled.ipynb,https://github.com/timernst/GA-DSI/blob/bc9a9b0d1bf46b90595c11dbb35053e4bd1b19c4/curriculum/week-03/5.1-regression-challenge/Untitled.ipynb
"extension:ipynb ""University of Indonesia"" in:file",St4rLighr/colab_notebook,3_Enrich_users_profiles_Challenge.ipynb,https://github.com/St4rLighr/colab_notebook/blob/0ac0e03c789d970788900dbc6dce1f104055b9a0/3_Enrich_users_profiles_Challenge.ipynb
"extension:ipynb ""University of Indonesia"" in:file",nrmogh/physician_trajectories,code/deduplication_ai.ipynb,https://github.com/nrmogh/physician_trajectories/blob/20094d1a0e07059a584b612142d46eb98d9b356d/code/deduplication_ai.ipynb
"extension:ipynb ""University of Indonesia"" in:file",olamarujo/le_wagon-python,01- Class/06- Enrich Users Profiles/Enrich Users Profiles Challenge.ipynb,https://github.com/olamarujo/le_wagon-python/blob/feb86fe56bab5d029e03358232563ce88953d177/01-%20Class/06-%20Enrich%20Users%20Profiles/Enrich%20Users%20Profiles%20Challenge.ipynb
"extension:ipynb ""University of Indonesia"" in:file",martinezjorge/Academic-Citation-Scrapers,ResearchGate/Research Gate Web Scraper.ipynb,https://github.com/martinezjorge/Academic-Citation-Scrapers/blob/17fa4bcd8485bec6af7c230f7a72fe8fd57255b2/ResearchGate/Research%20Gate%20Web%20Scraper.ipynb
"extension:ipynb ""University of Indonesia"" in:file",abyoso-hapsoro/past-works,Basic Python/Undergraduate Thesis Concept/Undergraduate Thesis GUI Concept.ipynb,https://github.com/abyoso-hapsoro/past-works/blob/5bc130a066ebb338d61872e34d5fa0c404608e9a/Basic%20Python/Undergraduate%20Thesis%20Concept/Undergraduate%20Thesis%20GUI%20Concept.ipynb
"extension:ipynb ""University of Indonesia"" in:file",Helios109/Verylimitedtoystore,3_Enrich_users_profiles_Challenge.ipynb,https://github.com/Helios109/Verylimitedtoystore/blob/829ccb1a2b79ac7c54498e1fcc25cda65774e2e6/3_Enrich_users_profiles_Challenge.ipynb
"extension:csv ""University of Indonesia"" in:file",hantang/latex-templates,data/thesis.csv,https://github.com/hantang/latex-templates/blob/0865da0395d9f1c4c62c5f9755fb2273492bc065/data/thesis.csv
"extension:csv ""University of Indonesia"" in:file",stopstalk/stopstalk-deployment,private/extras/institute_to_country.csv,https://github.com/stopstalk/stopstalk-deployment/blob/ea34ec2d95b2755f79af163ee354e3e54c285cb9/private/extras/institute_to_country.csv
"extension:csv ""University of Indonesia"" in:file",jjuback/gc-excelviewer,data/University Rankings.csv,https://github.com/jjuback/gc-excelviewer/blob/582ae40fce382b7698228fbc8d7ee2fe74ecdebb/data/University%20Rankings.csv
"extension:csv ""University of Indonesia"" in:file",leoyuholo/learning-vis-tools,tutorial01/lab1/university_rankings.csv,https://github.com/leoyuholo/learning-vis-tools/blob/57da817f446d2842f08085548f5e30677d15493b/tutorial01/lab1/university_rankings.csv
"extension:csv ""University of Indonesia"" in:file",pemiluAPI/pemilu-data,dpr.go.id/old-data/pekerjaan-dpr.csv,https://github.com/pemiluAPI/pemilu-data/blob/c40bfc5248a328e5e623e7888c3f09dd6c274048/dpr.go.id/old-data/pekerjaan-dpr.csv
"extension:csv ""University of Indonesia"" in:file",sjsrey/pysalnarsc19,content/data/participants2018.csv,https://github.com/sjsrey/pysalnarsc19/blob/b3a6decbb53f5567ce51b74868767e007054dbd0/content/data/participants2018.csv
"extension:csv ""University of Indonesia"" in:file",ramaprakoso/analisis-sentimen,data/ahok.csv,https://github.com/ramaprakoso/analisis-sentimen/blob/4b0e3da96695a0cf548c21fd206c91ac060a599f/data/ahok.csv
"extension:csv ""University of Indonesia"" in:file",jsoma/fuzzy_pandas,examples/data/davos-attendees-2019.csv,https://github.com/jsoma/fuzzy_pandas/blob/35c016859bd24b816ca28b39ae520751bd2ec6bd/examples/data/davos-attendees-2019.csv
"extension:csv ""University of Indonesia"" in:file",csmetrics/csmetrics.net,app/data/old_inst_data/inst_alias.csv,https://github.com/csmetrics/csmetrics.net/blob/846fd03fb7d893e017bd71d3dc781aa39bc2641f/app/data/old_inst_data/inst_alias.csv
"extension:csv ""University of Indonesia"" in:file",owid/notebooks,BetterDataDocs/PabloArriagada/EqualDex/historical.csv,https://github.com/owid/notebooks/blob/a733e59eca8c2a2509d5cce0cbf351fda8fcc5b1/BetterDataDocs/PabloArriagada/EqualDex/historical.csv
"extension:csv ""University of Indonesia"" in:file",BoneHorror/EODAIP,db/tech/teams/teams_ino.csv,https://github.com/BoneHorror/EODAIP/blob/662c213782237d099298d4b498633a163e291c44/db/tech/teams/teams_ino.csv
"extension:csv ""University of Indonesia"" in:file",prasertcbs/basic-dataset,world-university-rankings/Word_University_Rank_2020.csv,https://github.com/prasertcbs/basic-dataset/blob/a53613f61acc18b9ff46a5c018336d2f9ba0187b/world-university-rankings/Word_University_Rank_2020.csv
"extension:csv ""University of Indonesia"" in:file",virajbhutada/bi-projects-collection,Global Universities' Success Analysis/data/csv/university.csv,https://github.com/virajbhutada/bi-projects-collection/blob/ee899a822e05377803d0cfa805bfe6a7958bac53/Global%20Universities'%20Success%20Analysis/data/csv/university.csv
"extension:csv ""University of Indonesia"" in:file",ml4health/ml4health.github.io,2021_content/organizer_data/extended_abstracts.csv,https://github.com/ml4health/ml4health.github.io/blob/3f4dbbe30205cd9c3fcf10a0480df2a389f5be9d/2021_content/organizer_data/extended_abstracts.csv
"extension:csv ""University of Indonesia"" in:file",jmcarp/neurotrends,neurotrends/model/data/institutions.csv,https://github.com/jmcarp/neurotrends/blob/724c06f6a31ecfe37780b51038b3367cd501be37/neurotrends/model/data/institutions.csv
"extension:csv ""University of Indonesia"" in:file",jazzpi/fsworld-analysis,data/events/275.csv,https://github.com/jazzpi/fsworld-analysis/blob/11780066d194efb62cab0ca098a3335a2c410e30/data/events/275.csv
"extension:csv ""University of Indonesia"" in:file",OpenClassrooms-Student-Center/Multivariate-Exploratory-Analysis,world_university_rankings_2016.csv,https://github.com/OpenClassrooms-Student-Center/Multivariate-Exploratory-Analysis/blob/ba23e6a22c8135f223ca42962d2af44ed78ce876/world_university_rankings_2016.csv
"extension:csv ""University of Indonesia"" in:file",tavishcode/linkedin_analysis,Connections_redacted.csv,https://github.com/tavishcode/linkedin_analysis/blob/d9d033d7daefd19eceada0a6294fda6763149a50/Connections_redacted.csv
"extension:csv ""University of Indonesia"" in:file",subugoe/r-recipes,openrefs/public_refs.csv,https://github.com/subugoe/r-recipes/blob/f1f33247598e97cb1fa0b65d790f73b4fd3a9700/openrefs/public_refs.csv
"extension:csv ""University of Indonesia"" in:file",um-perez-alvaro/Data-Science-Practice,Data/universities_2016.csv,https://github.com/um-perez-alvaro/Data-Science-Practice/blob/de0121443e4f3ee59eb34e7700540284ccd96048/Data/universities_2016.csv
"extension:csv ""University of Indonesia"" in:file",MuckRock/TodayInCIA,csv/04-29.csv,https://github.com/MuckRock/TodayInCIA/blob/eb1ce44031a35d2a640b067abe7784c211903d93/csv/04-29.csv
"extension:csv ""University of Indonesia"" in:file",aronbrand/llm-workshop,cities.csv,https://github.com/aronbrand/llm-workshop/blob/d17e76482dd0e1c7740667f60cf02b30821c0085/cities.csv
"extension:csv ""University of Indonesia"" in:file",taltal-ddj/taltal,taltal_raw/education_univ_mf/times_2019.csv,https://github.com/taltal-ddj/taltal/blob/44f9d70b80bd56e12c894d7bfef8e1f9fe77159b/taltal_raw/education_univ_mf/times_2019.csv
"extension:csv ""University of Indonesia"" in:file",CAIDA/mapkit-cti-code,PAM-Paper-Results/CTI/origin/ID.csv,https://github.com/CAIDA/mapkit-cti-code/blob/1a0ce9ee3347f4cf301ec18d13e06e9239893ea3/PAM-Paper-Results/CTI/origin/ID.csv
"extension:csv ""University of Indonesia"" in:file",HKUSTDial/StatQA,Data/Origin Dataset/University Rank Dataset.csv,https://github.com/HKUSTDial/StatQA/blob/3d5f6b5b6926600dc952f39d79dfdef82999aeeb/Data/Origin%20Dataset/University%20Rank%20Dataset.csv
"extension:csv ""University of Indonesia"" in:file",COVID-19-CTI-LEAGUE/PRIVATE_Medical_infra_vuln,VULN_STREAM_FIREHOSE/ID/VSF-ID-2020-03-25.csv,https://github.com/COVID-19-CTI-LEAGUE/PRIVATE_Medical_infra_vuln/blob/ec7a19be746216ad572c5bb3f3a7c33b13039f06/VULN_STREAM_FIREHOSE/ID/VSF-ID-2020-03-25.csv
"extension:csv ""University of Indonesia"" in:file",mcguinlu/COVID_suicide_living,data/results/2022-02-18_results.csv,https://github.com/mcguinlu/COVID_suicide_living/blob/a19946f6a8aae3e796482fb4daa4c5cffd2b480d/data/results/2022-02-18_results.csv
"extension:csv ""University of Indonesia"" in:file",furkanbk/BDM-P1,data/scholarly/criminal_authors.csv,https://github.com/furkanbk/BDM-P1/blob/b0e697dde65baab354dddf324982fc36c3a8e05d/data/scholarly/criminal_authors.csv
"extension:csv ""University of Indonesia"" in:file",IQSS/dataverse-helper-scripts,src/ezid_update/input/bad_links.csv,https://github.com/IQSS/dataverse-helper-scripts/blob/b7fb082c76794c363e46add7386a8de575a73341/src/ezid_update/input/bad_links.csv
